{"acc": 0.8664370068501986, "loss": 0.11541368549988307, "_timestamp": 1707138300.264395, "_runtime": 6.317342042922974, "_step": 7, "_wandb": {"runtime": 3}}